company_name,nse_symbol,bse_code,isin,sector,listing_type,parent_company,deposit_taking,source_url,notes
LIC Housing Finance Limited,LICHSGFIN,500253,INE115A01026,Housing Finance,both,,yes,https://www.nhb.org.in/wp-content/uploads/2026/08/Asset-size-2026.pdf,active listed debt: 23 debt series on NSE; NHB list as on 31-Mar-2026
Bajaj Housing Finance Limited,BAJAJHFL,544252,INE377Y01014,Housing Finance,both,,no,https://www.nhb.org.in/wp-content/uploads/2026/08/Asset-size-2026.pdf,"active listed debt: 34 NCD/bond on BSE, 9 CP on BSE; IPO Sep 2024 (NSE listing 16-SEP-2024); NHB list as on 31-Mar-2026"
PNB Housing Finance Ltd,PNBHOUSING,540173,INE572E01012,Housing Finance,both,,yes,https://www.nhb.org.in/wp-content/uploads/2026/08/Asset-size-2026.pdf,active listed debt: 17 debt series on NSE; NHB list as on 31-Mar-2026
Tata Capital Housing Finance Limited,,,,Housing Finance,debt,Tata Capital Limited,no,https://www.nhb.org.in/wp-content/uploads/2026/08/Asset-size-2026.pdf,"active listed debt: 5 NCD/bond on BSE, 23 debt series on NSE; parent Tata Capital listed Oct 2025; NHB list as on 31-Mar-2026"
Aditya Birla Housing Finance Limited,,,,Housing Finance,debt,Aditya Birla Capital Limited,no,https://www.nhb.org.in/wp-content/uploads/2026/08/Asset-size-2026.pdf,"active listed debt: 36 NCD/bond on BSE, 14 CP on BSE, 30 debt series on NSE; NHB list as on 31-Mar-2026"
Can Fin Homes Limited,CANFINHOME,511196,INE477A01020,Housing Finance,both,,yes,https://www.nhb.org.in/wp-content/uploads/2026/08/Asset-size-2026.pdf,"active listed debt: 6 CP on BSE, 6 debt series on NSE; NHB list as on 31-Mar-2026"
ICICI Home Finance Company Limited,,,,Housing Finance,debt,ICICI Bank Limited,yes,https://www.nhb.org.in/wp-content/uploads/2026/08/Asset-size-2026.pdf,"active listed debt: 34 NCD/bond on BSE, 9 CP on BSE; NHB list as on 31-Mar-2026"
IIFL Home Finance Limited,,,,Housing Finance,debt,IIFL Finance Limited,no,https://www.nhb.org.in/wp-content/uploads/2026/08/Asset-size-2026.pdf,"active listed debt: 18 NCD/bond on BSE, 21 debt series on NSE; NHB list as on 31-Mar-2026"
Aadhar Housing Finance Limited,AADHARHFC,544176,INE883F01010,Affordable Housing Finance,both,,yes,https://www.nhb.org.in/wp-content/uploads/2026/08/Asset-size-2026.pdf,"active listed debt: 16 NCD/bond on BSE, 1 CP on BSE; IPO May 2024 (NSE listing 15-MAY-2024); NHB list as on 31-Mar-2026"
Aavas Financiers Limited,AAVAS,541988,INE216P01012,Housing Finance,both,,no,https://www.nhb.org.in/wp-content/uploads/2026/08/Asset-size-2026.pdf,active listed debt: 11 NCD/bond on BSE; NHB list as on 31-Mar-2026
Truhome Finance Limited,,,,Affordable Housing Finance,debt,,no,https://www.nhb.org.in/wp-content/uploads/2026/08/Asset-size-2026.pdf,"active listed debt: 15 NCD/bond on BSE, 1 CP on BSE; formerly Shriram Housing Finance; Warburg Pincus-owned since Dec 2024; DRHP filed Mar 2026, not in NSE/BSE equity master on 2026-09-19; NHB list as on 31-Mar-2026"
Sundaram Home Finance Limited,,,,Housing Finance,debt,Sundaram Finance Limited,yes,https://www.nhb.org.in/wp-content/uploads/2026/08/Asset-size-2026.pdf,active listed debt: 18 debt series on NSE; NHB list as on 31-Mar-2026
Repco Home Finance Limited,REPCOHOME,535322,INE612J01015,Housing Finance,both,,yes,https://www.nhb.org.in/wp-content/uploads/2026/08/Asset-size-2026.pdf,active listed debt: 1 NCD/bond on BSE; NHB deposit list category B (prior NHB permission needed before accepting deposits); NHB list as on 31-Mar-2026
Home First Finance Company India Limited,HOMEFIRST,543259,INE481N01025,Housing Finance,both,,no,https://www.nhb.org.in/wp-content/uploads/2026/08/Asset-size-2026.pdf,active listed debt: 1 NCD/bond on BSE; NHB list as on 31-Mar-2026
Hinduja Housing Finance Limited,,,,Affordable Housing Finance,debt,Hinduja Leyland Finance Limited,no,https://www.nhb.org.in/wp-content/uploads/2026/08/Asset-size-2026.pdf,"active listed debt: 10 NCD/bond on BSE, 1 CP on BSE; parent is unlisted (equity) subsidiary of Ashok Leyland Limited; parent IPO reported pending; NHB list as on 31-Mar-2026"
SMFG India Home Finance Company Limited,,,,Housing Finance,debt,SMFG India Credit Company Limited,no,https://www.nhb.org.in/wp-content/uploads/2026/08/Asset-size-2026.pdf,active listed debt: 13 debt series on NSE; formerly Fullerton India Home Finance; parent is debt-listed only (no equity listing); NHB list as on 31-Mar-2026
GIC Housing Finance Limited,GICHSGFIN,511676,INE289B01019,Housing Finance,both,,yes,https://www.nhb.org.in/wp-content/uploads/2026/08/Asset-size-2026.pdf,"active listed debt: 5 NCD/bond on BSE, 6 CP on BSE; NHB deposit list category B (prior NHB permission needed before accepting deposits); NHB list as on 31-Mar-2026"
Vastu Housing Finance Corporation Limited,,,,Housing Finance,debt,,no,https://www.nhb.org.in/wp-content/uploads/2026/08/Asset-size-2026.pdf,active listed debt: 1 NCD/bond on BSE; NHB list as on 31-Mar-2026
India Shelter Finance Corporation Limited,INDIASHLTR,544044,INE922K01024,Housing Finance,both,,no,https://www.nhb.org.in/wp-content/uploads/2026/08/Asset-size-2026.pdf,active listed debt: 3 NCD/bond on BSE; IPO Dec 2023; NHB list as on 31-Mar-2026
Aptus Value Housing Finance India Limited,APTUS,543335,INE852O01025,Housing Finance,both,,no,https://www.nhb.org.in/wp-content/uploads/2026/08/Asset-size-2026.pdf,active listed debt: 7 NCD/bond on BSE; NHB list as on 31-Mar-2026
Mahindra Rural Housing Finance Limited,,,,Housing Finance,debt,Mahindra & Mahindra Financial Services Limited,no,https://www.nhb.org.in/wp-content/uploads/2026/08/Asset-size-2026.pdf,"active listed debt: 27 NCD/bond on BSE, 5 CP on BSE; NHB list as on 31-Mar-2026"
Godrej Housing Finance Limited,,,,Housing Finance,debt,Godrej Industries Limited,no,https://www.nhb.org.in/wp-content/uploads/2026/08/Asset-size-2026.pdf,"active listed debt: 11 CP on BSE, 5 debt series on NSE; held via Godrej Capital Limited (subsidiary of Godrej Industries); NHB list as on 31-Mar-2026"
Grihum Housing Finance Limited,,,,Housing Finance,debt,,no,https://www.nhb.org.in/wp-content/uploads/2026/08/Asset-size-2026.pdf,"active listed debt: 1 NCD/bond on BSE; formerly Poonawalla Housing Finance (per NHB CoR page); private-equity owned, no listed parent confirmed; NHB list as on 31-Mar-2026"
Shubham Housing Development Finance Company Limited,,,,Housing Finance,debt,,no,https://www.nhb.org.in/wp-content/uploads/2026/08/Asset-size-2026.pdf,active listed debt: 1 NCD/bond on BSE; NHB list as on 31-Mar-2026
Hero Housing Finance Limited,,,,Housing Finance,debt,Hero FinCorp Limited,no,https://www.nhb.org.in/wp-content/uploads/2026/08/Asset-size-2026.pdf,active listed debt: 5 debt series on NSE; parent is debt-listed only; not in NSE equity master on 2026-09-19; NHB list as on 31-Mar-2026
Capri Global Housing Finance Limited,,,,Housing Finance,none,Capri Global Capital Limited,no,https://www.nhb.org.in/wp-content/uploads/2026/08/Asset-size-2026.pdf,past BSE debenture delisted/matured; none active; NHB list as on 31-Mar-2026
Motilal Oswal Home Finance Limited,,,,Housing Finance,debt,Motilal Oswal Financial Services Limited,no,https://www.nhb.org.in/wp-content/uploads/2026/08/Asset-size-2026.pdf,active listed debt: 2 NCD/bond on BSE; NHB list as on 31-Mar-2026
Niwas Housing Finance Limited,,,,Housing Finance,debt,,no,https://www.nhb.org.in/wp-content/uploads/2026/08/Asset-size-2026.pdf,active listed debt: 2 NCD/bond on BSE; NHB list as on 31-Mar-2026
Nido Home Finance Limited,,,,Housing Finance,debt,Edelweiss Financial Services Limited,no,https://www.nhb.org.in/wp-content/uploads/2026/08/Asset-size-2026.pdf,"active listed debt: 80 NCD/bond on BSE; formerly Edelweiss Housing Finance; Carlyle majority-stake deal announced Feb 2026 - completion not verified, parent may have changed; NHB list as on 31-Mar-2026"
Muthoot Housing Finance Company Limited,,,,Housing Finance,debt,Muthoot Fincorp Limited,no,https://www.nhb.org.in/wp-content/uploads/2026/08/Asset-size-2026.pdf,"active listed debt: 8 NCD/bond on BSE, 3 CP on BSE; Muthoot Pappachan group; parent debt-listed only; NHB list as on 31-Mar-2026"
Wonder Home Finance Limited,,,,Housing Finance,none,,no,https://www.nhb.org.in/wp-content/uploads/2026/08/Asset-size-2026.pdf,no active listed security found on BSE/NSE masters; NHB list as on 31-Mar-2026
Muthoot Homefin (India) Limited,,,,Housing Finance,debt,Muthoot Finance Limited,no,https://www.nhb.org.in/wp-content/uploads/2026/08/Asset-size-2026.pdf,active listed debt: 3 NCD/bond on BSE; NHB list as on 31-Mar-2026
JM Financial Home Loans Limited,,,,Housing Finance,debt,JM Financial Limited,no,https://www.nhb.org.in/wp-content/uploads/2026/08/Asset-size-2026.pdf,active listed debt: 13 NCD/bond on BSE; held via JM Financial Products Limited; NHB list as on 31-Mar-2026
Svatantra Micro Housing Finance Corporation Limited,,,,Housing Finance,none,,no,https://www.nhb.org.in/wp-content/uploads/2026/08/Asset-size-2026.pdf,no active listed security found on BSE/NSE masters; NHB list as on 31-Mar-2026
DMI Housing Finance Private Limited,,,,Housing Finance,none,,no,https://www.nhb.org.in/wp-content/uploads/2026/08/Asset-size-2026.pdf,no active listed security found on BSE/NSE masters; NHB list as on 31-Mar-2026
Ummeed Housing Finance Private Limited,,,,Housing Finance,none,,no,https://www.nhb.org.in/wp-content/uploads/2026/08/Asset-size-2026.pdf,past BSE debentures delisted/matured; none active; NHB list as on 31-Mar-2026
Manappuram Home Finance Limited,,,,Housing Finance,none,Manappuram Finance Limited,no,https://www.nhb.org.in/wp-content/uploads/2026/08/Asset-size-2026.pdf,past BSE debentures delisted/suspended (matured); none active; NHB list as on 31-Mar-2026
Aviom India Housing Finance Private Limited,,,,Housing Finance,debt,,no,https://www.nhb.org.in/wp-content/uploads/2026/08/Asset-size-2026.pdf,active listed debt: 2 NCD/bond on BSE; in insolvency since Feb 2025 (RBI-appointed administrator); Unity Small Finance Bank won bid Dec 2025 - completion not verified; NHB list as on 31-Mar-2026
Cent Bank Home Finance Limited,,,,Housing Finance,none,Central Bank of India,yes,https://www.nhb.org.in/wp-content/uploads/2026/08/Asset-size-2026.pdf,no active listed security found on BSE/NSE masters; NHB list as on 31-Mar-2026
Tyger Home Finance Private Limited,,,,Housing Finance,debt,,no,https://www.nhb.org.in/wp-content/uploads/2026/08/Asset-size-2026.pdf,active listed debt: 4 NCD/bond on BSE; formerly Adani Housing Finance (per NHB CoR page); NHB list as on 31-Mar-2026
IKF Home Finance Limited,,,,Housing Finance,debt,,no,https://www.nhb.org.in/wp-content/uploads/2026/08/Asset-size-2026.pdf,active listed debt: 1 NCD/bond on BSE; NHB list as on 31-Mar-2026
Sitaara Housing Finance Limited,,,,Housing Finance,none,,no,https://www.nhb.org.in/wp-content/uploads/2026/08/Asset-size-2026.pdf,no active listed security found on BSE/NSE masters; NHB list as on 31-Mar-2026
Easy Home Finance Limited,,,,Housing Finance,none,,no,https://www.nhb.org.in/wp-content/uploads/2026/08/Asset-size-2026.pdf,no active listed security found on BSE/NSE masters; NHB list as on 31-Mar-2026
Centrum Housing Finance Limited,,,,Housing Finance,none,,no,https://www.nhb.org.in/wp-content/uploads/2026/08/Asset-size-2026.pdf,Centrum Capital sold its entire stake to Weaver Services (completed Mar 2026); past BSE debentures all delisted/matured; NHB list as on 31-Mar-2026
Roha Housing Finance Private Limited,,,,Housing Finance,none,,no,https://www.nhb.org.in/wp-content/uploads/2026/08/Asset-size-2026.pdf,no active listed security found on BSE/NSE masters; NHB list as on 31-Mar-2026
KIFS Housing Finance Limited,,,,Housing Finance,none,,no,https://www.nhb.org.in/wp-content/uploads/2026/08/Asset-size-2026.pdf,past BSE debentures delisted/matured; none active; NHB list as on 31-Mar-2026
SRG Housing Finance Limited,SRGHFL,534680,INE559N01010,Housing Finance,both,,no,https://www.nhb.org.in/wp-content/uploads/2026/08/Asset-size-2026.pdf,active listed debt: 2 NCD/bond on BSE; NSE listing 21-AUG-2023; BSE earlier; NHB list as on 31-Mar-2026
Altum Credo Home Finance Private Limited,,,,Housing Finance,none,,no,https://www.nhb.org.in/wp-content/uploads/2026/08/Asset-size-2026.pdf,no active listed security found on BSE/NSE masters; NHB list as on 31-Mar-2026
Satin Housing Finance Limited,,,,Housing Finance,debt,Satin Creditcare Network Limited,no,https://www.nhb.org.in/wp-content/uploads/2026/08/Asset-size-2026.pdf,active listed debt: 3 NCD/bond on BSE; NHB list as on 31-Mar-2026
Nivara Home Finance Limited,,,,Housing Finance,none,,no,https://www.nhb.org.in/wp-content/uploads/2026/08/Asset-size-2026.pdf,no active listed security found on BSE/NSE masters; NHB list as on 31-Mar-2026
Unico Housing Finance Private Limited,,,,Housing Finance,none,,no,https://www.nhb.org.in/wp-content/uploads/2026/08/Asset-size-2026.pdf,no active listed security found on BSE/NSE masters; NHB list as on 31-Mar-2026
Vridhi Finserv Home Finance Limited,,,,Housing Finance,none,,no,https://www.nhb.org.in/wp-content/uploads/2026/08/Asset-size-2026.pdf,no active listed security found on BSE/NSE masters; NHB list as on 31-Mar-2026
Mas Rural Housing & Mortgage Finance Limited,,,,Housing Finance,none,MAS Financial Services Limited,no,https://www.nhb.org.in/wp-content/uploads/2026/08/Asset-size-2026.pdf,no active listed security found on BSE/NSE masters; NHB list as on 31-Mar-2026
ITI Housing Finance Limited,,,,Housing Finance,none,,no,https://www.nhb.org.in/wp-content/uploads/2026/08/Asset-size-2026.pdf,"formerly Fasttrack Housing Finance; promoter-group entity of The Investment Trust of India, not a subsidiary; NHB list as on 31-Mar-2026"
Manipal Housing Finance Syndicate Limited,,,,Housing Finance,none,,yes,https://www.nhb.org.in/wp-content/uploads/2026/08/Asset-size-2026.pdf,no active listed security found on BSE/NSE masters; NHB list as on 31-Mar-2026
ART Housing Finance (India) Limited,,,,Housing Finance,none,,no,https://www.nhb.org.in/wp-content/uploads/2026/08/Asset-size-2026.pdf,no active listed security found on BSE/NSE masters; NHB list as on 31-Mar-2026
Supreme Housing Finance Limited,,,,Housing Finance,none,,no,https://www.nhb.org.in/wp-content/uploads/2026/08/Asset-size-2026.pdf,no active listed security found on BSE/NSE masters; NHB list as on 31-Mar-2026
People Home Finance Limited,,,,Housing Finance,none,,no,https://www.nhb.org.in/wp-content/uploads/2026/08/Asset-size-2026.pdf,no active listed security found on BSE/NSE masters; NHB list as on 31-Mar-2026
Star Housing Finance Ltd,,539017,INE526R01028,Housing Finance,both,,no,https://www.nhb.org.in/wp-content/uploads/2026/08/Asset-size-2026.pdf,active listed debt: 2 NCD/bond on BSE; BSE only; NHB list as on 31-Mar-2026
Agrim Housing Finance Private Limited,,,,Housing Finance,none,,no,https://www.nhb.org.in/wp-content/uploads/2026/08/Asset-size-2026.pdf,no active listed security found on BSE/NSE masters; NHB list as on 31-Mar-2026
Varashakti Housing Finance Private Limited,,,,Housing Finance,none,,no,https://www.nhb.org.in/wp-content/uploads/2026/08/Asset-size-2026.pdf,no active listed security found on BSE/NSE masters; NHB list as on 31-Mar-2026
Save Housing Finance Limited,,,,Housing Finance,none,,no,https://www.nhb.org.in/wp-content/uploads/2026/08/Asset-size-2026.pdf,no active listed security found on BSE/NSE masters; NHB list as on 31-Mar-2026
Satya Micro Housing Finance Private Limited,,,,Housing Finance,none,,no,https://www.nhb.org.in/wp-content/uploads/2026/08/Asset-size-2026.pdf,no active listed security found on BSE/NSE masters; NHB list as on 31-Mar-2026
Manibhavnam Home Finance India Private Limited,,,,Housing Finance,none,,no,https://www.nhb.org.in/wp-content/uploads/2026/08/Asset-size-2026.pdf,no active listed security found on BSE/NSE masters; NHB list as on 31-Mar-2026
Aham Housing Finance Limited,,,,Housing Finance,none,,no,https://www.nhb.org.in/wp-content/uploads/2026/08/Asset-size-2026.pdf,no active listed security found on BSE/NSE masters; NHB list as on 31-Mar-2026
Religare Housing Development Finance Corporation Limited,,,,Affordable Housing Finance,none,Religare Enterprises Limited,no,https://www.nhb.org.in/wp-content/uploads/2026/08/Asset-size-2026.pdf,held via Religare Finvest Limited; NHB list as on 31-Mar-2026
Khush Housing Finance Private Limited,,,,Housing Finance,none,,no,https://www.nhb.org.in/wp-content/uploads/2026/08/Asset-size-2026.pdf,no active listed security found on BSE/NSE masters; NHB list as on 31-Mar-2026
Sasvitha Home Finance Limited,,,,Housing Finance,none,,no,https://www.nhb.org.in/wp-content/uploads/2026/08/Asset-size-2026.pdf,no active listed security found on BSE/NSE masters; NHB list as on 31-Mar-2026
Mentor Home Loans India Limited,,,,Housing Finance,none,,no,https://www.nhb.org.in/wp-content/uploads/2026/08/Asset-size-2026.pdf,no active listed security found on BSE/NSE masters; NHB list as on 31-Mar-2026
West End Housing Finance Limited,,,,Housing Finance,none,,no,https://www.nhb.org.in/wp-content/uploads/2026/08/Asset-size-2026.pdf,no active listed security found on BSE/NSE masters; NHB list as on 31-Mar-2026
Mamta Housing Finance Company Private Limited,,,,Housing Finance,none,,no,https://www.nhb.org.in/wp-content/uploads/2026/08/Asset-size-2026.pdf,no active listed security found on BSE/NSE masters; NHB list as on 31-Mar-2026
Nestavia Home Finance Private Limited,,,,Housing Finance,none,,no,https://www.nhb.org.in/wp-content/uploads/2026/08/Asset-size-2026.pdf,no active listed security found on BSE/NSE masters; NHB list as on 31-Mar-2026
India Home Loan Limited,,530979,INE274E01015,Housing Finance,equity,,no,https://www.nhb.org.in/wp-content/uploads/2026/08/Asset-size-2026.pdf,"BSE only; one BSE debenture shown Suspended, none active; NHB list as on 31-Mar-2026"
Orange City Housing Finance Limited,,,,Housing Finance,none,,no,https://www.nhb.org.in/wp-content/uploads/2026/08/Asset-size-2026.pdf,no active listed security found on BSE/NSE masters; NHB list as on 31-Mar-2026
Clix Housing Finance Limited,,,,Housing Finance,none,,no,https://www.nhb.org.in/wp-content/uploads/2026/08/Asset-size-2026.pdf,no active listed security found on BSE/NSE masters; NHB list as on 31-Mar-2026
Swagat Housing Finance Company Limited,,,,Housing Finance,none,,no,https://www.nhb.org.in/wp-content/uploads/2026/08/Asset-size-2026.pdf,no active listed security found on BSE/NSE masters; NHB list as on 31-Mar-2026
Habitat Micro Build India Housing Finance Company Private Limited,,,,Housing Finance,none,,no,https://www.nhb.org.in/wp-content/uploads/2026/08/Asset-size-2026.pdf,no active listed security found on BSE/NSE masters; NHB list as on 31-Mar-2026
Sahara Housingfina Corporation Limited,,511533,INE135C01012,Housing Finance,equity,,no,https://www.nhb.org.in/wp-content/uploads/2026/08/Asset-size-2026.pdf,BSE only; NHB list as on 31-Mar-2026
Micro Green Housing Finance Private Limited,,,,Housing Finance,none,,no,https://www.nhb.org.in/wp-content/uploads/2026/08/Asset-size-2026.pdf,no active listed security found on BSE/NSE masters; NHB list as on 31-Mar-2026
Family Home Finance Private Limited,,,,Housing Finance,none,,no,https://www.nhb.org.in/wp-content/uploads/2026/08/Asset-size-2026.pdf,no active listed security found on BSE/NSE masters; NHB list as on 31-Mar-2026
Jothi Housing And Mortgage Finance Private Limited,,,,Housing Finance,none,,no,https://www.nhb.org.in/wp-content/uploads/2026/08/Asset-size-2026.pdf,no active listed security found on BSE/NSE masters; NHB list as on 31-Mar-2026
Navarathna Housing Finance Limited,,,,Housing Finance,none,,no,https://www.nhb.org.in/wp-content/uploads/2026/08/Asset-size-2026.pdf,no active listed security found on BSE/NSE masters; NHB list as on 31-Mar-2026
Wood Home Finance Limited,,,,Housing Finance,none,,no,https://www.nhb.org.in/wp-content/uploads/2026/08/Asset-size-2026.pdf,no active listed security found on BSE/NSE masters; NHB list as on 31-Mar-2026
Prosper Housing Finance Limited,,,,Housing Finance,none,,no,https://www.nhb.org.in/wp-content/uploads/2026/08/Asset-size-2026.pdf,no active listed security found on BSE/NSE masters; NHB list as on 31-Mar-2026
Panthoibi Housing Finance Company Limited,,,,Housing Finance,none,,no,https://www.nhb.org.in/wp-content/uploads/2026/08/Asset-size-2026.pdf,no active listed security found on BSE/NSE masters; NHB list as on 31-Mar-2026
Viva Home Finance Limited,,,,Housing Finance,none,,no,https://www.nhb.org.in/wp-content/uploads/2026/08/Asset-size-2026.pdf,no active listed security found on BSE/NSE masters; NHB list as on 31-Mar-2026
Saral Home Finance Limited,,,,Housing Finance,none,,yes,https://www.nhb.org.in/wp-content/uploads/2026/08/Asset-size-2026.pdf,NHB deposit list category B (prior NHB permission needed before accepting deposits); no active listed security found on BSE/NSE masters; NHB list as on 31-Mar-2026
Nanayasurabhi Affordable Housing Finance Limited,,,,Affordable Housing Finance,none,,no,https://www.nhb.org.in/wp-content/uploads/2026/08/Asset-size-2026.pdf,no active listed security found on BSE/NSE masters; NHB list as on 31-Mar-2026
Homeshree Housing Finance Limited,,,,Housing Finance,none,,no,https://www.nhb.org.in/wp-content/uploads/2026/08/Asset-size-2026.pdf,no active listed security found on BSE/NSE masters; NHB list as on 31-Mar-2026
Anand Housing Finance Private Limited,,,,Housing Finance,none,,no,https://www.nhb.org.in/wp-content/uploads/2026/08/Asset-size-2026.pdf,no active listed security found on BSE/NSE masters; NHB list as on 31-Mar-2026
Swarna Pragati Housing Microfinance Private Limited,,,,Housing Finance,none,,no,https://www.nhb.org.in/wp-content/uploads/2026/08/Asset-size-2026.pdf,no active listed security found on BSE/NSE masters; NHB list as on 31-Mar-2026
